﻿Name,Population,AreaInSquareKm
Albania,2862427,28748
Andorra,77265,468
Austria,8917205,83879
Belarus,9449323,207600
Belgium,11589623,30528
Bosnia and Herzegovina,3280819,51209
Bulgaria,6948445,110879
Croatia,4105267,56594
Cyprus,1207359,9251
Czech Republic,10625695,78866
Denmark,5818553,42924
Estonia,1326535,45227
Finland,5523231,338424
France,67060000,551695
Germany,83020000,357578
Greece,10423054,131957
Hungary,9773000,93030
Iceland,343353,102775
Ireland,4921500,70273
Italy,60390560,301340
Kosovo,1845300,10887
Latvia,1909000,64562
Liechtenstein,38813,160
Lithuania,2795335,65300
Luxembourg,625978,2586
Malta,514564,316
Moldova,2681735,33846
Monaco,38300,2
Montenegro,622359,13812
Netherlands,17181084,41543
North Macedonia,2077132,25713
Norway,5391369,385207
Poland,37976687,312696
Portugal,10276617,92212
Romania,19237691,238397
Russia,146171015,17098242
San Marino,33864,61
Serbia,6982084,88361
Slovakia,5467093,49035
Slovenia,2078654,20273
Spain,46733038,505990
Sweden,10367395,450295
Switzerland,8654622,41285
Ukraine,44385155,603500
United Kingdom,67886011,242495
Vatican City,800,0